,회사명,ROA,PER
0,3S,0.0,-11.87
1,AJ네트웍스,3.43,25.15
2,AJ렌터카,3.39,24.85
3,AK홀딩스,11.36,11.49
4,AP시스템,11.92,14.63
5,AP위성,-4.76,21.65
6,BNK금융지주,0.87,6.48
7,BYC,0.99,13.72
8,C&S자산관리,0.61,-0.65
9,CJ,5.9,12.23
10,CJ CGV,5.58,2304.04
11,CJ E&M,0.47,7.77
12,CJ대한통운,4.61,69.15
13,CJ씨푸드,4.71,24.83
14,CJ오쇼핑,6.81,55.15
15,CJ제일제당,6.53,13.44
16,CJ프레시웨이,4.24,-36.4
17,CMG제약,4.1,278.6
18,CNH,4.42,27.07
19,CS,-5.77,18.66
20,CSA 코스믹,4.74,-11.72
21,CS홀딩스,5.75,13.65
22,DGB금융지주,0.71,6.69
23,DMS,14.34,5.82
24,DRB동일,4.66,6.66
25,DSC인베스트먼트,21.8,41.28
26,DSR,6.81,7.65
27,DSR제강,3.53,11.39
28,E1,-3.31,52.16
29,EG,0.33,252.29
30,EMW,6.78,-282.19
31,F&F,8.44,13.24
32,GH신소재,6.73,21.78
33,GKL,21.31,19.08
34,GMR 머티리얼즈,-2.48,-10.41
35,GRT,0.0,4.75
36,GS,8.28,6.36
37,GST,10.08,5.98
38,GS건설,1.18,-24.54
39,GS글로벌,2.52,15.09
40,GS리테일,6.87,13.21
41,GS홈쇼핑,7.04,14.1
42,HB테크놀러지,30.6,6.45
43,HRS,2.9,11.91
44,IBKS제3호스팩,-1.08,-338.33
45,IBKS제5호스팩,0.0,409.09
46,IHQ,5.79,43.17
47,iMBC,4.7,-69.74
48,ISC,4.81,13.62
49,ITX엠투엠,-19.99,-5.91
50,JB금융지주,0.7,5.76
51,JW생명과학,12.01,27.72
52,JW신약,3.83,-102.95
53,JW중외제약,2.8,70.73
54,JW홀딩스,3.58,-96.16
55,JYP Ent.,17.81,47.46
56,KB금융,0.83,8.77
57,KB오토시스,10.92,4.7
58,KCC,4.4,29.06
59,KCC건설,3.08,6.47
60,KCI,10.52,17.65
61,KCTC,3.13,12.88
62,KC그린홀딩스,4.46,35.34
63,KC코트렐,4.53,19.73
64,KD건설,2.9,-5.97
65,KEC,1.97,34.98
66,KG ETS,4.46,23.19
67,KGP,-7.46,-1.74
68,KG모빌리언스,7.29,20.42
69,KG이니시스,6.29,120.85
70,KG케미칼,5.47,42.97
71,KH바텍,-2.48,-7.48
72,KISCO홀딩스,3.6,5.72
73,KJ프리텍,-7.17,11.34
74,KMH,7.41,12.5
75,KMH하이텍,4.29,31.0
76,KNN,-1.09,12.19
77,KPX그린케미칼,2.79,31.38
78,KPX생명과학,9.18,17.5
79,KPX케미칼,7.37,13.14
80,KPX홀딩스,4.45,12.74
81,KR모터스,2.04,-3.76
82,KSS해운,5.36,6.86
83,KT,5.47,11.39
84,KT&G,19.52,12.18
85,KTB투자증권,0.25,8.35
86,KTcs,1.36,11.77
87,KTH,3.14,56.9
88,KT서브마린,0.83,12.79
89,LF,1.3,13.29
90,LG,7.07,7.19
91,LG디스플레이,5.6,4.54
92,LG상사,1.67,15.06
93,LG생활건강,22.02,31.03
94,LG유플러스,7.08,12.37
95,LG이노텍,2.08,17.14
96,LG전자,3.04,13.08
97,LG하우시스,5.97,10.3
98,LG화학,9.23,16.19
99,LIG넥스원,4.95,14.01
100,LS,2.5,11.29
101,LS네트웍스,-3.28,-3.8
102,LS산전,5.44,18.92
103,LS전선아시아,6.37,15.74
104,MH에탄올,12.27,5.87
105,NAVER,20.68,39.71
106,NEW,21.2,-74.56
107,NHN엔터테인먼트,0.49,-72.37
108,NHN한국사이버결제,8.68,31.14
109,NH투자증권,0.78,14.95
110,NICE,8.84,12.99
111,NICE평가정보,18.57,20.42
112,NI스틸,6.28,7.55
113,NPC,7.23,14.16
114,OCI,0.14,32.38
115,PN풍년,5.96,22.43
116,POSCO,5.29,14.35
117,S&K폴리텍,5.72,10.29
118,S&TC,6.98,33.95
119,S&T모티브,8.33,13.75
120,S&T중공업,-0.2,-20.83
121,S&T홀딩스,4.36,17.33
122,SBI인베스트먼트,1.45,61.44
123,SBS,-5.99,23.24
124,SBS미디어홀딩스,0.99,47.03
125,SBS콘텐츠허브,2.5,-147.16
126,SCI평가정보,-6.8,3662.7
127,SDN,2.48,518.6
128,SFA반도체,3.57,52.25
129,SG&G,4.79,19.34
130,SGA,4.51,-24.87
131,SGA솔루션즈,9.12,51.24
132,SG세계물산,5.27,-28.33
133,SG충방,1.92,-56.36
134,SH에너지화학,20.92,12.29
135,SIMPAC,-1.19,11.36
136,SJM,7.03,6.85
137,SJM홀딩스,4.88,4.09
138,SK,3.71,17.07
139,SK,0.0,17.07
140,SK1호스팩,-0.18,0.0
141,SK3호스팩,0.0,-7290.0
142,SKC,2.09,16.94
143,SKC 솔믹스,11.21,18.43
144,SKC코오롱PI,11.89,37.68
145,SK가스,4.54,5.85
146,SK네트웍스,1.96,-21.68
147,SK디앤디,2.59,7.02
148,SK머티리얼즈,19.66,17.12
149,SK바이오랜드,7.56,30.21
150,SK이노베이션,5.16,9.38
151,SK증권,0.26,29.93
152,SK텔레콤,5.84,8.64
153,SK하이닉스,9.93,6.08
154,SM C&C,11.08,-26.09
155,S-Oil,3.64,12.8
156,SPC삼립,8.19,30.25
157,STX,5.7,1.61
158,STX엔진,-2.9,-42.46
159,STX중공업,-13.01,0.37
160,TBH글로벌,-7.64,150.76
161,TCC동양,1.67,4.13
162,THE E&M,13.89,74.04
163,TJ미디어,0.51,22.06
164,TPC,1.53,-228.94
165,WISCOM,0.04,60.46
166,W홀딩컴퍼니,1.11,25.01
167,YG PLUS,-3.01,-21.16
168,YTN,-3.41,22.38
169,YW,7.26,14.52
170,가비아,10.06,19.06
171,가온미디어,8.09,13.76
172,가온전선,2.65,-54.95
173,감마누,-22.41,395.36
174,갑을메탈,-1.04,10.68
175,강남제비스코,5.98,8.72
176,강스템바이오텍,-25.61,-20.27
177,강원랜드,17.23,16.72
178,갤럭시아에스엠,-4.43,-33.9
179,갤럭시아컴즈,3.99,44.13
180,게임빌,0.02,32.05
181,경남스틸,2.75,150.75
182,경남제약,14.57,-876.54
183,경농,-8.61,9.97
184,경동나비엔,7.06,24.9
185,경동제약,11.96,17.14
186,경방,3.23,13.84
187,경보제약,4.66,21.48
188,경인양행,1.84,48.28
189,경인전자,3.52,31.46
190,경창산업,0.52,-9.59
191,계룡건설,4.0,4.93
192,계양전기,6.41,14.22
193,고려개발,0.47,-10.05
194,고려반도체,-9.25,13.35
195,고려산업,4.37,20.39
196,고려시멘트,0.0,18.14
197,고려신용정보,20.13,11.48
198,고려아연,10.51,14.83
199,고려제강,1.96,14.61
200,고려제약,7.52,16.85
201,고영,20.38,34.49
202,골든브릿지제3호스팩,-0.25,-382.58
203,골든브릿지제4호스팩,-1.53,150.62
204,골든브릿지증권,-0.51,-21.33
205,골든센츄리,0.0,-58.02
206,골프존,24.77,4.19
207,광동제약,7.59,23.9
208,광림,-1.91,-25.87
209,광명전기,3.07,37.74
210,광전자,0.61,12.65
211,광주신세계,7.09,8.05
212,광주은행,0.83,4.88
213,광주은행,0.0,4.88
214,광진실업,-0.98,29.83
215,광진윈텍,3.66,-32.32
216,교보5호스팩,-0.25,-544.35
217,교보비엔케이스팩,0.0,639.91
218,교보증권,1.55,8.59
219,구영테크,2.93,12.52
220,국도화학,2.43,10.5
221,국동,9.53,6.53
222,국보,1.19,-3.21
223,국보디자인,7.61,11.39
224,국순당,-2.31,8.47
225,국영지앤엠,-2.65,99.36
226,국일신동,0.85,14.81
227,국일제지,-1.41,2470.35
228,국제약품,3.92,51.14
229,그랜드백화점,-0.11,3.56
230,극동유화,8.75,6.83
231,글로벌에스엠,7.99,-165.22
232,글로본,0.0,-11.2
233,금강공업,8.14,5.7
234,금강철강,0.48,12.86
235,금비,7.53,21.47
236,금양,6.64,-14.3
237,금호산업,3.68,-17.37
238,금호석유,2.12,23.44
239,금호에이치티,8.64,6.7
240,금호전기,2.34,-2.7
241,금호타이어,0.74,-20.82
242,금화피에스시,8.95,9.74
243,기가레인,-9.1,-15.63
244,기산텔레콤,20.99,-9.53
245,기신정기,0.0,168.6
246,기아차,4.31,11.48
247,기업은행,0.61,6.37
248,까뮤이앤씨,0.09,10.92
249,깨끗한나라,3.1,85.7
250,나노,-11.77,-3.32
251,나노스,-26.7,8.97
252,나노신소재,6.32,27.72
253,나노엔텍,-11.03,-23.52
254,나노캠텍,-3.83,-28.86
255,나라엠앤디,2.83,18.12
256,나무가,0.73,-3.41
257,나스미디어,9.79,32.5
258,나이벡,-12.24,-40.36
259,나이스디앤비,5.15,16.69
260,나이스정보통신,15.05,7.33
261,남광토건,7.92,-23.78
262,남선알미늄,5.82,6.64
263,남성,3.17,39.81
264,남양유업,4.74,32.13
265,남영비비안,0.55,94.73
266,남해화학,3.97,26.48
267,남화토건,1.66,9.07
268,내츄럴엔도텍,-10.52,-32.8
269,네오디안테크놀로지,7.54,-26.94
270,네오오토,6.55,6.09
271,네오위즈홀딩스,1.74,-6.87
272,네오티스,2.51,-6.56
273,네오팜,20.37,38.93
274,네이블,-0.05,-8.73
275,네이처셀,-2.91,-1693.62
276,네패스,3.67,31.65
277,네패스신소재,-9.14,-38.21
278,넥센,11.46,4.61
279,넥센타이어,10.24,8.66
280,넥센테크,8.7,56.59
281,넥스턴,56.25,9.87
282,넥스트BT,1.68,-27.94
283,넥스트리밍,-17.64,-7.11
284,넥스트바이오홀딩스,-10.57,-8.67
285,넥스트아이,-3.55,186.49
286,넥스트칩,-8.06,-19.63
287,넥슨지티,20.78,-172.91
288,넵튠,0.0,-44.88
289,노루페인트,6.54,5.38
290,노루홀딩스,3.11,4.43
291,녹십자,8.7,35.32
292,녹십자랩셀,5.01,394.21
293,녹십자셀,0.44,273.27
294,녹십자엠에스,-3.13,216.78
295,녹십자홀딩스,6.48,30.73
296,농심,3.73,21.2
297,농심홀딩스,4.35,13.52
298,농우바이오,7.43,-27.64
299,누리텔레콤,-13.89,33.0
300,누리플랜,-12.22,-15.4
301,뉴로스,1.33,-161.46
302,뉴보텍,2.63,-96.24
303,뉴인텍,-14.17,-7.65
304,뉴트리바이오텍,18.18,52.17
305,뉴파워프라즈마,0.0,12.83
306,뉴프라이드,-25.74,-14.88
307,뉴프렉스,7.7,26.83
308,닉스테크,-14.21,-29.45
309,다나와,12.88,16.01
310,다날,0.54,34.96
311,다믈멀티미디어,-1.66,-20.39
312,다산네트웍스,-6.58,-6.43
313,다우기술,2.61,10.87
314,다우데이타,2.71,26.62
315,다우인큐브,-1.34,-99.43
316,다원시스,5.58,54.82
317,대경기계,-6.8,-10.04
318,대교,5.52,12.99
319,대구백화점,0.0,-8.13
320,대덕GDS,5.46,29.72
321,대덕전자,8.46,14.34
322,대동공업,-3.1,45.93
323,대동금속,-4.34,14.6
324,대동기어,-2.46,-8.65
325,대동스틸,-0.23,6.84
326,대동전자,0.0,18.26
327,대륙제관,13.27,8.57
328,대림B&Co,5.39,15.65
329,대림산업,4.26,5.09
330,대림씨엔에스,12.45,7.22
331,대림제지,17.55,34.26
332,대림통상,1.13,164.25
333,대명코퍼레이션,2.69,18.07
334,대봉엘에스,15.66,17.35
335,대상,6.26,17.96
336,대상홀딩스,6.23,14.67
337,대성미생물,14.47,16.69
338,대성산업,-0.44,-5.18
339,대성에너지,-6.44,11.97
340,대성엘텍,2.43,144.44
341,대성창투,15.71,-156.68
342,대성파인텍,1.78,16.04
343,대성홀딩스,-2.77,10.62
344,대신정보통신,0.0,20.57
345,대신증권,0.36,7.76
346,대아티아이,11.88,10.61
347,대양금속,13.31,4.48
348,대양전기공업,8.5,11.65
349,대양제지,10.99,-21.35
350,대영포장,0.43,-25.62
351,대우건설,3.86,-5.76
352,대우부품,3.55,53.44
353,대우스팩3호,-0.13,0.0
354,대우조선해양,-3.48,111.06
355,대웅,5.05,19.55
356,대웅제약,1.76,50.39
357,대원강업,6.04,12.7
358,대원미디어,3.45,38.57
359,대원산업,13.46,3.84
360,대원전선,4.24,13.21
361,대원제약,16.39,28.34
362,대원화성,8.36,26.43
363,대유에이텍,1.95,11.69
364,대유위니아,0.0,6.42
365,대유플러스,-0.89,-4.92
366,대정화금,6.94,9.27
367,대주산업,4.31,42.45
368,대주전자재료,3.2,293.99
369,대진디엠피,3.03,41.58
370,대창,-0.43,8.13
371,대창단조,7.7,8.05
372,대창솔루션,3.52,-2.14
373,대창스틸,1.68,-30.07
374,대한과학,3.4,41.59
375,대한광통신,-5.76,61.8
376,대한뉴팜,8.42,-9.53
377,대한방직,0.13,-8.67
378,대한약품,16.35,12.52
379,대한유화,17.17,9.56
380,대한전선,3.68,-120.04
381,대한제강,6.38,7.53
382,대한제당,4.15,22.82
383,대한제분,5.95,6.23
384,대한항공,7.62,-15.87
385,대한해운,2.03,7.19
386,대한화섬,-0.58,9.23
387,대현,1.22,10.28
388,대호에이엘,0.69,96.52
389,대호피앤씨,8.68,9.96
390,대화제약,1.5,110.38
391,더블유게임즈,10.63,19.96
392,더존비즈온,13.48,38.35
393,덕산네오룩스,2.62,30.87
394,덕산하이메탈,0.83,29.92
395,덕성,5.22,26.97
396,덕신하우징,-11.85,35.99
397,덕양산업,-8.46,424.93
398,데브시스터즈,-8.18,-13.36
399,데코앤이,-25.36,-4.46
400,덱스터,1.81,-23.07
401,도레이케미칼,0.0,109.48
402,도이치모터스,0.0,29.87
403,도화엔지니어링,-0.77,-42.49
404,동국S&C,6.86,44.47
405,동국산업,6.38,9.49
406,동국실업,0.88,-4.59
407,동국알앤에스,5.83,24.96
408,동국제강,4.18,-5.56
409,동국제약,15.36,16.77
410,동남합성,10.38,28.87
411,동방,3.68,-9.74
412,동방선기,2.75,-73.56
413,동방아그로,-10.58,13.43
414,동부건설,1.54,2.07
415,동부스팩3호,-0.32,315.34
416,동부제4호스팩,-0.23,170.55
417,동부제철,4.1,-1.96
418,동서,2.79,23.91
419,동성제약,-2.7,221.14
420,동성코퍼레이션,7.03,15.19
421,동성화인텍,5.3,-10.62
422,동성화학,10.71,10.7
423,동신건설,4.25,7.2
424,동아쏘시오홀딩스,4.24,18.89
425,동아에스텍,13.36,7.05
426,동아에스티,0.62,75.06
427,동아엘텍,16.65,9.13
428,동아지질,4.25,9.16
429,동아화성,4.91,4.76
430,동양,2.06,27.13
431,동양고속,8.82,-223.67
432,동양네트웍스,-4.62,-4.56
433,동양물산,2.96,28.55
434,동양생명,0.93,-69.3
435,동양에스텍,1.12,6.12
436,동양이엔피,6.19,5.37
437,동양철관,-6.17,-9.02
438,동양파일,15.69,7.66
439,동양피엔에프,-2.78,-202.94
440,동운아나텍,-5.33,542.67
441,동원,5.96,-34.83
442,동원F&B,11.28,20.32
443,동원개발,23.62,4.41
444,동원금속,0.0,-110.65
445,동원산업,11.45,8.84
446,동원수산,4.93,6.97
447,동원시스템즈,12.23,24.33
448,동일고무벨트,5.96,19.46
449,동일금속,-0.5,18.99
450,동일기연,0.43,16.7
451,동일방직,1.3,-44.31
452,동일산업,3.55,9.21
453,동일제강,1.35,13.97
454,동일철강,0.48,-6.69
455,동진쎄미켐,5.64,18.38
456,동화기업,7.13,10.26
457,동화약품,2.53,11.35
458,두산,2.63,-36.33
459,두산건설,0.28,-0.56
460,두산건설,0.0,-0.56
461,두산밥캣,0.0,24.29
462,두산엔진,0.21,-6.45
463,두산인프라코어,4.25,-37.8
464,두산중공업,2.5,-3.86
465,두올,0.0,8.34
466,두올산업,-4.88,8.06
467,드래곤플라이,1.95,-27.32
468,디비케이,-14.23,119.68
469,디스플레이텍,2.17,10.13
470,디씨엠,9.95,7.91
471,디아이,5.62,23.31
472,디아이씨,4.54,12.42
473,디알텍,0.0,-122.88
474,디에스케이,1.93,94.84
475,디에스티로봇,-11.46,15.29
476,디에이치피코리아,15.64,13.92
477,디에이테크놀로지,7.4,20.65
478,디에이피,0.57,24.16
479,디엔에이링크,-28.54,-32.21
480,디엔에프,12.83,13.12
481,디엠씨,10.65,-33.39
482,디엠티,-5.07,-5.71
483,디오,22.49,32.98
484,디와이,2.49,9.57
485,디와이파워,5.25,10.93
486,디이엔티,-12.84,8.22
487,디젠스,9.57,-20.94
488,디지아이,-0.05,-30.08
489,디지탈옵틱,-12.71,-1.29
490,디지털대성,23.98,10.28
491,디지틀조선,7.73,16.71
492,디케이디앤아이,4.28,11.01
493,디케이락,3.74,21.97
494,디티앤씨,4.58,20.68
495,디피씨,8.81,27.58
496,딜리,6.37,15.08
497,라온시큐어,14.99,73.6
498,라이브플렉스,1.77,52.46
499,라이온켐텍,15.6,20.18
500,락앤락,7.83,28.57
501,램테크놀러지,-3.88,-70.5
502,랩지노믹스,-2.19,-170.86
503,레고켐바이오,-11.4,-42.04
504,레드로버,1.62,1126.58
505,레드캡투어,5.3,13.59
506,레이언스,10.48,23.37
507,레이젠,-15.69,-1.66
508,로고스바이오,0.0,-41.42
509,로보스타,7.24,16.27
510,로스웰,21.99,6.1
511,로엔,20.11,39.38
512,로지시스,5.15,42.7
513,로체시스템즈,15.52,7.06
514,롯데관광개발,2.12,159.57
515,롯데손해보험,-0.68,6.89
516,롯데쇼핑,1.73,-13.34
517,롯데정밀화학,2.58,22.16
518,롯데제과,5.11,0.0
519,롯데칠성,4.96,-5.57
520,롯데케미칼,18.19,5.93
521,롯데푸드,10.19,21.59
522,롯데하이마트,8.97,11.47
523,루멘스,-3.11,22.44
524,루미마이크로,-0.48,-16.2
525,루트로닉,3.02,-55.7
526,룽투코리아,13.57,-16.08
527,리노공업,20.13,22.52
528,리노스,0.99,31.84
529,리더스코스메틱,15.93,7.9
530,리드,-28.12,-92.48
531,리드코프,5.46,5.06
532,리켐,-10.16,-0.6
533,링네트,3.12,15.66
534,마니커,4.25,8.51
535,마이크로컨텍솔,0.65,-16.38
536,마이크로프랜드,34.58,16.89
537,마제스타,-31.88,-2.87
538,마크로젠,0.82,304.88
539,만도,7.34,56.8
540,만호제강,0.56,14.99
541,매일유업,8.89,22.28
542,매직마이크로,-13.25,-7.14
543,매커스,6.51,19.37
544,맥스로텍,-7.06,-4.15
545,멀티캠퍼스,13.23,14.61
546,메가스터디,2.2,-194.57
547,메가스터디교육,15.45,24.59
548,메가엠디,4.6,-18.15
549,메디아나,13.59,12.17
550,메디톡스,26.8,52.31
551,메디포스트,-5.46,-35121.12
552,메디프론,-3.11,-65.93
553,메리츠금융지주,2.07,6.46
554,메리츠종금증권,1.8,10.02
555,메리츠화재,2.46,7.41
556,메이슨캐피탈,0.0,-7.0
557,메지온,-6.46,-48.33
558,메타바이오메드,5.91,338.97
559,멕아이씨에스,-8.37,-44.18
560,멜파스,1.78,-7.86
561,명문제약,4.11,20.75
562,모나리자,9.32,39.55
563,모나미,2.53,21.28
564,모다이노칩,6.37,13.41
565,모두투어,17.03,29.11
566,모바일리더,3.28,103.07
567,모베이스,20.03,4.49
568,모아텍,0.95,92.25
569,모토닉,0.75,18.99
570,모헨즈,6.17,36.64
571,무림P&P,-0.15,36.97
572,무림SP,4.96,16.5
573,무림페이퍼,-0.34,21.39
574,무학,8.77,9.31
575,문배철강,0.56,5.62
576,미동앤씨네마,-10.85,-42.0
577,미래나노텍,14.23,26.74
578,미래산업,-10.63,-31.86
579,미래아이앤지,-4.3,-22.72
580,미래에셋대우,0.68,24.97
581,미래에셋생명,-0.01,3.27
582,미래에셋제3호스팩,-0.4,0.0
583,미래에셋제5호스팩,-0.38,171.0
584,미래컴퍼니,4.56,21.54
585,미래테크놀로지,9.58,16.0
586,미스터블루,0.0,24.75
587,미원상사,8.67,5.09
588,미원에스씨,19.13,19.5
589,미원화학,16.55,11.1
590,미창석유,4.77,10.35
591,미코,7.0,15.39
592,미투온,2.69,151.32
593,민앤지,0.0,22.26
594,바디텍메드,18.65,79.73
595,바른손,0.0,-13.73
596,바른손이앤에이,26.56,32.46
597,바른전자,1.71,-15.06
598,바른테크놀로지,4.22,-21.71
599,바이넥스,-1.17,-36.78
600,바이로메드,0.3,-2734.79
601,바이오니아,-24.1,-34.13
602,바이오로그디바이스,11.65,12.68
603,바이오리더스,0.0,-34.39
604,바이오스마트,-1.32,36.63
605,바이오톡스텍,6.04,79.22
606,바이온,1.71,-21.13
607,바텍,10.28,6.6
608,방림,2.87,11.9
609,백광산업,0.43,15.68
610,백광소재,4.4,13.12
611,백금T&A,-4.87,69.68
612,백산,18.09,9.48
613,버추얼텍,-4.0,-22.72
614,범양건영,0.69,-224.37
615,베셀,-2.02,6.47
616,벽산,8.62,20.57
617,보광산업,9.7,22.94
618,보락,3.47,65.12
619,보령메디앙스,7.42,-256.89
620,보령제약,7.26,-165.32
621,보성파워텍,-3.32,-118.17
622,보해양조,-2.08,-34.08
623,부광약품,-0.7,160.02
624,부국증권,0.68,7.35
625,부국철강,0.53,20.97
626,부방,3.68,30.61
627,부산가스,0.57,12.4
628,부산산업,14.11,10.24
629,부산주공,-2.44,-4.12
630,부스타,7.22,9.08
631,뷰웍스,27.81,15.74
632,브레인콘텐츠,7.69,172.83
633,브리지텍,9.81,97.21
634,블루콤,14.66,8.84
635,비상교육,2.57,6.12
636,비씨월드제약,8.23,28.08
637,비아트론,14.87,13.88
638,비에이치,-3.14,24.39
639,비에이치아이,2.89,7.91
640,비엠티,-3.19,15.3
641,비츠로셀,10.02,18.8
642,비츠로시스,0.0,-20.42
643,비츠로테크,-5.21,6.62
644,비트컴퓨터,10.23,33.21
645,빅솔론,8.92,8.91
646,빅텍,-1.04,-93.0
647,빙그레,15.15,32.91
648,빛샘전자,5.4,11.05
649,사람인에이치알,15.16,18.69
650,사조대림,8.92,7.04
651,사조동아원,5.27,78.97
652,사조산업,8.09,9.51
653,사조씨푸드,5.51,15.46
654,사조오양,13.06,8.13
655,사조해표,6.34,54.88
656,사파이어테크놀로지,-19.91,-1.39
657,삼강엠앤티,0.38,1.1
658,삼광글라스,0.84,13.17
659,삼기오토모티브,5.35,7.04
660,삼륭물산,11.62,14.68
661,삼목에스폼,18.98,4.98
662,삼보모터스,-0.35,9.44
663,삼보산업,-0.55,-3.44
664,삼보판지,5.56,22.62
665,삼본정밀전자,6.08,20.77
666,삼부토건,-4.79,-0.89
667,삼성SDI,-2.84,33.32
668,삼성공조,-0.06,7.86
669,삼성물산,1.85,35.69
670,삼성물산,0.0,35.69
671,삼성바이오로직스,0.0,-192.26
672,삼성생명,0.61,20.54
673,삼성에스디에스,10.5,40.88
674,삼성엔지니어링,3.94,429.91
675,삼성전기,0.7,108.24
676,삼성전자,8.52,9.04
677,삼성제약,-8.13,-10.62
678,삼성중공업,1.98,114.6
679,삼성증권,0.78,16.28
680,삼성출판사,6.3,31.91
681,삼성카드,2.43,12.44
682,삼성화재,1.8,11.93
683,삼아알미늄,0.97,22.65
684,삼아제약,3.43,17.51
685,삼양사,10.63,28.99
686,삼양식품,9.42,17.97
687,삼양통상,12.34,5.01
688,삼양홀딩스,6.54,104.1
689,삼영무역,1.16,10.51
690,삼영엠텍,6.26,785.57
691,삼영이엔씨,5.96,19.49
692,삼영전자,1.9,20.49
693,삼영화학,-4.04,-3.34
694,삼우엠스,2.39,-1.94
695,삼원강재,5.53,10.79
696,삼원테크,-1.94,-6.55
697,삼익THK,5.57,17.03
698,삼익악기,3.3,52.89
699,삼일,3.37,18.0
700,삼일기업공사,-2.0,22.85
701,삼일제약,2.46,-38.33
702,삼정펄프,6.19,7.85
703,삼지전자,11.19,10.59
704,삼진,15.66,8.69
705,삼진엘앤디,5.72,31.46
706,삼진제약,21.91,16.57
707,삼천당제약,12.82,79.02
708,삼천리,-1.53,12.51
709,삼천리자전거,2.08,129.97
710,삼현철강,2.44,9.48
711,삼호,11.46,2.93
712,삼호개발,10.91,5.28
713,삼화네트웍스,50.18,34.52
714,삼화왕관,8.68,13.61
715,삼화전기,2.66,34.9
716,삼화전자,-3.69,61.06
717,삼화콘덴서,11.43,37.22
718,삼화페인트,2.19,74.78
719,상보,-4.92,-4.11
720,상신브레이크,7.72,6.47
721,상신이디피,-2.96,42.11
722,상아프론테크,6.51,25.02
723,새로닉스,7.3,21.34
724,새론오토모티브,9.36,8.54
725,샘표,1.67,7.22
726,샘표식품,0.0,11.3
727,서린바이오,0.66,30.17
728,서부T&D,1.16,-239.64
729,서산,7.98,13.12
730,서암기계공업,-0.19,19.81
731,서연,1.73,2.55
732,서연이화,3.55,2.52
733,서연전자,2.24,19.31
734,서연탑메탈,-0.48,5.82
735,서울가스,-4.8,24.68
736,서울리거,-1.62,-70.36
737,서울반도체,7.58,23.67
738,서울식품,-0.76,116.9
739,서울옥션,3.7,84.59
740,서울전자통신,6.05,-25.81
741,서울제약,2.48,-169.74
742,서원,3.56,29.95
743,서원인텍,3.61,13.22
744,서전기전,-1.46,16.01
745,서진오토모티브,-4.8,21.08
746,서플러스글로벌,0.0,10.24
747,서한,23.65,3.22
748,서호전기,18.59,6.26
749,서흥,7.67,14.88
750,서희건설,12.4,5.69
751,선광,2.05,9.28
752,선데이토즈,17.6,19.55
753,선도전기,0.46,31.09
754,선진,9.28,9.26
755,선창산업,3.93,87.5
756,성광벤드,0.02,-94.98
757,성도이엔지,6.74,3.7
758,성문전자,-7.4,-2927.26
759,성보화학,-1.3,29.49
760,성신양회,4.1,-28.71
761,성안,-3.29,-6.34
762,성우전자,4.49,6.62
763,성우테크론,5.48,8.42
764,성우하이텍,2.26,5.65
765,성지건설,-1.13,-12.83
766,성창기업지주,0.21,7.09
767,성창오토텍,1.29,50.86
768,성호전자,0.69,-46.57
769,세기상사,-2.21,841.38
770,세동,-8.19,-5.04
771,세명전기,1.45,40.17
772,세미콘라이트,14.18,-2.72
773,세방,1.22,8.6
774,세방전지,5.95,7.52
775,세보엠이씨,12.43,6.5
776,세아베스틸,2.91,9.05
777,세아제강,2.67,6.92
778,세아특수강,7.83,7.14
779,세아홀딩스,3.41,5.16
780,세우글로벌,3.47,53.44
781,세운메디칼,15.23,26.19
782,세원,0.0,43.91
783,세원물산,-2.7,33.85
784,세원셀론텍,-0.54,66.58
785,세원정공,7.93,-2253.73
786,세이브존I&C,5.03,7.28
787,세종공업,3.06,-14.9
788,세종텔레콤,-2.38,110.33
789,세중,9.79,25.87
790,세진중공업,4.45,47.57
791,세진티에스,11.19,-19.9
792,세코닉스,2.83,75.46
793,세하,8.39,-34.24
794,세화아이엠씨,-0.44,-8.48
795,셀루메드,-6.2,-20.67
796,셀바스AI,-12.29,-22.35
797,셀바스헬스케어,0.0,-18.69
798,셀트리온,10.25,109.18
799,셀트리온제약,1.7,10318.45
800,소리바다,-0.23,-9.59
801,소프트센,2.4,-44.54
802,손오공,3.49,-6.74
803,솔고바이오,-14.37,-9.36
804,솔루에타,-0.35,-28.21
805,솔본,1.07,-76.54
806,솔브레인,12.65,36.3
807,솔트웍스,0.0,-10.35
808,송원산업,7.49,16.35
809,쇼박스,11.8,32.64
810,수산아이앤티,0.0,16.67
811,수산중공업,1.83,24.88
812,수성,3.94,-45.43
813,수출포장,-0.41,-18.48
814,슈프리마,0.0,14.99
815,슈프리마에이치큐,2.15,8.8
816,슈피겐코리아,17.49,7.07
817,스맥,3.52,17.35
818,스카이라이프,9.6,11.85
819,스타플렉스,6.46,21.58
820,스틸플라워,-8.05,-0.31
821,스페코,1.99,21.93
822,스포츠서울,0.0,-3.87
823,승일,2.07,23.68
824,시공테크,-3.45,11.79
825,시그네틱스,1.33,41.3
826,시노펙스,12.26,38.53
827,시큐브,3.09,48.57
828,신대양제지,-0.23,24.43
829,신도리코,-1.02,22.07
830,신라교역,3.88,6.94
831,신라섬유,3.24,137.31
832,신라에스지,2.74,43.73
833,신라젠,-31.4,-93.61
834,신성델타테크,2.96,10.66
835,신성이엔지,14.49,-15.94
836,신성통상,-0.03,14.86
837,신세계,1.69,16.23
838,신세계 I&C,3.6,23.84
839,신세계건설,8.35,4.52
840,신세계인터내셔날,0.25,29.24
841,신세계푸드,4.65,27.07
842,신송홀딩스,-3.46,-6.18
843,신스타임즈,-28.36,-10.76
844,신영스팩2호,-0.2,232.98
845,신영와코루,3.77,18.27
846,신영증권,0.0,8.71
847,신원,3.69,-43.25
848,신원종합개발,1.4,5.71
849,신일산업,4.04,13.17
850,신일제약,10.06,12.45
851,신진에스엠,0.57,15.98
852,신풍제약,1.96,-36.88
853,신풍제지,5.4,11.28
854,신한,-12.56,7.19
855,신한지주,0.95,7.4
856,신화실업,4.02,6.03
857,신화인터텍,4.86,-137.82
858,신화콘텍,19.89,8.28
859,신흥,3.17,38.98
860,실리콘웍스,5.94,22.06
861,심텍,4.15,10.58
862,심텍홀딩스,6.61,29.1
863,싸이맥스,11.07,9.27
864,쌍방울,-0.88,-9.09
865,쌍용양회,9.73,11.07
866,쌍용정보통신,-4.28,-9.23
867,쌍용차,-1.46,-51.1
868,써니전자,1.58,105.73
869,썬코어,-44.51,-1.93
870,썬텍,1.39,-1.11
871,썸에이지,-7.4,-41.0
872,쎄노텍,0.0,28.62
873,쎄니트,9.48,12.93
874,쎄미시스코,-10.2,11.56
875,쎄트렉아이,4.92,43.75
876,쎌바이오텍,19.27,22.1
877,쏠리드,-5.39,-3.9
878,씨그널엔터테인먼트그룹,0.34,-2.36
879,씨씨에스,-2.01,-26.88
880,씨아이테크,-11.48,-11.7
881,씨에스윈드,-4.43,70.62
882,씨엔플러스,-9.44,-2.53
883,씨엠에스에듀,8.02,22.4
884,씨유메디칼,1.54,-139.48
885,씨젠,5.79,125.72
886,씨케이에이치,9.68,-4.25
887,씨큐브,6.57,13.33
888,씨트리,5.24,-63.03
889,씨티씨바이오,1.11,-28.31
890,씨티엘,3.19,90.67
891,아가방컴퍼니,7.96,-176.45
892,아나패스,8.97,-11.12
893,아남전자,5.4,308.79
894,아리온,-21.14,-8.56
895,아모레G,13.04,54.6
896,아모레퍼시픽,13.65,40.48
897,아모텍,8.33,17.99
898,아미노로직스,2.59,-69.89
899,아미코젠,-4.59,1051.39
900,아바코,5.48,15.13
901,아바텍,6.51,8.59
902,아비스타,-21.9,-3.46
903,아비코전자,12.08,14.36
904,아세아,9.26,10.11
905,아세아시멘트,10.46,11.16
906,아세아제지,8.77,109.5
907,아세아텍,16.78,14.35
908,아스트,3.86,48.69
909,아시아경제,7.07,10.34
910,아시아나항공,7.83,-14.21
911,아이디스,-3.26,20.39
912,아이디스홀딩스,6.1,59.82
913,아이리버,-13.53,-25.92
914,아이마켓코리아,3.89,18.82
915,아이센스,14.29,24.05
916,아이쓰리시스템,8.18,19.56
917,아이씨디,18.16,8.02
918,아이씨케이,-2.72,-134.98
919,아이앤씨,0.11,35.71
920,아이에스동서,14.65,5.07
921,아이에스이커머스,-2.22,-60.58
922,아이에이,-1.57,-150.14
923,아이엠,-4.18,-19.2
924,아이엠텍,-0.19,-2.28
925,아이오케이,-2.88,-234.48
926,아이원스,3.31,28.0
927,아이이,-4.66,0.0
928,아이즈비전,4.47,13.32
929,아이진,-46.23,-29.54
930,아이컴포넌트,12.65,-23.29
931,아이콘트롤스,8.73,11.31
932,아이크래프트,-9.05,145.1
933,아이텍반도체,6.76,24.65
934,아이티센,-8.2,-20.79
935,아이티센,0.0,-20.79
936,아주캐피탈,1.73,18.25
937,아즈텍WB,8.14,186.45
938,아진산업,6.52,11.08
939,아진엑스텍,5.34,15.58
940,아트라스BX,13.65,9.22
941,아티스,-15.0,-38.03
942,아프리카TV,17.7,19.44
943,안국약품,0.76,21.27
944,안랩,8.66,33.02
945,안트로젠,0.83,3259.53
946,알루코,6.62,14.6
947,알루코,0.0,14.6
948,알보젠코리아,7.36,102.58
949,알서포트,0.77,92.96
950,알에프세미,0.53,138.23
951,알에프텍,7.12,6.45
952,알엔투테크놀로지,3.34,46.35
953,알테오젠,-12.37,-127.66
954,알톤스포츠,-7.5,-4.48
955,알티캐스트,1.9,59.24
956,알파홀딩스,0.0,-17.86
957,암니스,-6.0,-44.94
958,애경유화,19.65,9.36
959,애니젠,0.0,-9223.69
960,액션스퀘어,-45.39,-28.07
961,액토즈소프트,8.16,-283.27
962,액트,-3.14,-20.91
963,앤디포스,0.0,16.52
964,양지사,-4.01,23.44
965,어보브반도체,11.05,27.88
966,에너토크,3.09,186.11
967,에넥스,5.41,77.46
968,에머슨퍼시픽,11.25,50.56
969,에버다임,10.86,7.94
970,에스넷,-11.04,-284.63
971,에스디시스템,-12.02,-3.63
972,에스마크,-29.87,-1.0
973,에스맥,-1.9,14.05
974,에스씨디,7.79,12.07
975,에스아이리소스,6.74,-39.57
976,에스아이티글로벌,-108.24,-3.02
977,에스앤더블류,-3.7,-5.05
978,에스앤씨엔진그룹,6.04,4.99
979,에스앤에스텍,5.15,23.01
980,에스에너지,1.12,37.25
981,에스에이엠티,13.84,4.55
982,에스에이티,1.75,6.71
983,에스에프씨,-0.96,-41.51
984,에스에프에이,9.43,8.04
985,에스엔유,-9.21,-14.87
986,에스엔텍,-9.89,-67.07
987,에스엘,9.84,8.01
988,에스엠,10.44,129.22
989,에스엠코어,-9.67,-117.85
990,에스와이패널,3.36,-1180.24
991,에스원,14.01,25.27
992,에스코넥,8.84,7.96
993,에스텍,11.81,9.12
994,에스텍파마,3.04,39.03
995,에스티아이,31.51,11.62
996,에스티오,-3.55,11.64
997,에스티큐브,-29.31,-24.85
998,에스티팜,23.01,16.76
999,에스폴리텍,2.25,19.3
1000,에스피지,6.66,15.77
1001,에쎈테크,3.41,88.26
1002,에쓰씨엔지니어링,-4.03,-9.07
1003,에이디칩스,14.0,43.05
1004,에이디테크놀로지,-12.19,-172.66
1005,에이블씨엔씨,0.5,27.26
1006,에이스침대,6.04,15.1
1007,에이스테크,-10.11,-64.54
1008,에이씨티,-10.33,-54.33
1009,에이엔피,-1.55,-11.62
1010,에이치시티,0.0,26.6
1011,에이치엔티,0.0,21.01
1012,에이치엘비,-12.22,-91.05
1013,에이치엘비생명과학,-9.74,131.34
1014,에이치엘비파워,-8.84,-3.05
1015,에이치엘사이언스,0.0,37.21
1016,에이치엠씨3호스팩,-0.11,99.24
1017,에이치케이,-0.71,22.33
1018,에이테크솔루션,2.9,-185.97
1019,에이텍,6.46,9.98
1020,에이텍티앤,2.21,27.8
1021,에이티넘인베스트,6.57,46.46
1022,에이티세미콘,10.81,50.01
1023,에이티젠,-23.32,-55.53
1024,에이티테크놀러지,-14.12,-6.13
1025,에임하이,-10.49,-7.71
1026,에치디프로,-8.78,-18.7
1027,에코마케팅,0.0,21.28
1028,에코바이오,8.11,-10.93
1029,에코프로,3.46,-93.97
1030,에코플라스틱,-4.71,-493.3
1031,에프알텍,-11.67,-16.83
1032,에프에스티,11.49,12.8
1033,에프엔씨애드컬쳐,-3.19,-24.89
1034,에프엔씨엔터,5.45,-18.48
1035,에프티이앤이,7.75,1080.1
1036,엑사이엔씨,3.64,-9.18
1037,엑세스바이오,-1.15,-35.67
1038,엑셈,-6.14,72.65
1039,엑시콘,1.53,7.28
1040,엔브이에이치코리아,3.66,4.99
1041,엔씨소프트,11.71,25.28
1042,엔에스,0.0,67.11
1043,엔에스쇼핑,9.68,11.94
1044,엔에이치스팩11호,0.0,449.63
1045,엔에이치스팩7호,-0.29,0.0
1046,엔지스테크널러지,0.0,-174.44
1047,엔케이,-5.64,-7.16
1048,엔터메이트,-1.75,-10.43
1049,엔텔스,2.38,-97.63
1050,엔피케이,-2.37,13.19
1051,엘디티,-6.21,-15.5
1052,엘비세미콘,6.66,15.44
1053,엘아이에스,-26.73,-16.04
1054,엘앤에프,10.3,54.33
1055,엘앤케이바이오,0.0,-59.28
1056,엘엠에스,5.74,5.11
1057,엘오티베큠,1.14,8.3
1058,엘컴텍,2.89,34.95
1059,엘티씨,3.99,34.57
1060,엠게임,1.1,56.22
1061,엠벤처투자,1.29,-13.99
1062,엠씨넥스,-3.46,-113.02
1063,엠에스씨,11.38,8.93
1064,엠에스오토텍,4.15,7.11
1065,엠젠플러스,-9.15,-52.28
1066,엠케이전자,11.74,5.26
1067,연우,9.68,34.23
1068,연이정보통신,7.99,-7.48
1069,영보화학,9.13,3.17
1070,영신금속,1.59,-6.52
1071,영우디에스피,28.38,6.22
1072,영원무역,8.98,11.94
1073,영원무역홀딩스,7.7,10.53
1074,영인프런티어,3.89,26.51
1075,영진약품,4.83,636.87
1076,영풍,0.85,8.71
1077,영풍정밀,2.21,13.38
1078,영풍제지,6.17,104.38
1079,영화금속,4.26,12.17
1080,영흥철강,-1.57,173.16
1081,예림당,28.11,13.54
1082,예스24,4.02,378.93
1083,예스코,-2.92,9.36
1084,예스티,5.99,10.7
1085,오가닉티코스메틱,44.06,5.11
1086,오공,8.53,10.83
1087,오디텍,8.57,11.81
1088,오뚜기,11.44,19.28
1089,오로라,5.48,13.86
1090,오르비텍,4.94,29.97
1091,오리엔탈정공,-1.63,-2.46
1092,오리엔트바이오,0.0,-11.15
1093,오리엔트정공,-5.49,-9.69
1094,오리온,13.43,237.12
1095,오리콤,2.48,23.82
1096,오상자이엘,3.65,-6967.7
1097,오성엘에스티,0.64,-33.93
1098,오션브릿지,0.0,13.23
1099,오스코텍,-6.25,-550.66
1100,오스템,1.52,29.18
1101,오스템임플란트,10.5,39.54
1102,오이솔루션,-0.22,18.99
1103,오킨스전자,-14.95,-8.09
1104,오텍,8.61,14.36
1105,오픈베이스,8.34,352.87
1106,옴니시스템,5.14,27.86
1107,옴니텔,-7.0,-19.42
1108,옵토팩,0.0,-10.69
1109,옵트론텍,5.83,19.97
1110,옵티시스,2.26,19.02
1111,와이디온라인,-36.52,-10.35
1112,와이비로드,-0.02,-17.97
1113,와이비엠넷,-2.14,-9.25
1114,와이솔,14.91,8.4
1115,와이엔텍,0.0,11.96
1116,와이엠씨,7.61,12.21
1117,와이오엠,-3.89,-13.24
1118,와이제이엠게임즈,-1.47,-42.18
1119,와이지엔터테인먼트,10.63,27.65
1120,와이지-원,7.34,17.13
1121,와토스코리아,2.85,16.08
1122,완리,13.26,4.86
1123,용평리조트,5.48,29.33
1124,우노앤컴퍼니,3.87,41.86
1125,우리기술,-5.66,6.68
1126,우리기술투자,-2.4,128.11
1127,우리넷,-8.14,16.15
1128,우리들제약,4.49,25.96
1129,우리들휴브레인,-13.94,-8.41
1130,우리로,-0.62,-24.75
1131,우리산업,9.47,30.06
1132,우리산업홀딩스,7.59,34.78
1133,우리손에프앤지,0.0,6.94
1134,우리은행,0.57,7.49
1135,우리이앤엘,-1.36,-8.56
1136,우리이티아이,0.03,-7.14
1137,우리조명,-0.4,-7.93
1138,우리종금,1.35,19.75
1139,우림기계,1.26,104.2
1140,우성사료,0.97,383.16
1141,우성아이비,0.32,-10.12
1142,우수AMS,5.76,11.39
1143,우신시스템,2.0,29.03
1144,우원개발,0.28,16.18
1145,우주일렉트로,9.66,11.35
1146,우진,0.71,21.13
1147,우진비앤지,-0.34,-18.32
1148,우진플라임,4.49,8.03
1149,웅진,-0.58,-106.45
1150,웅진씽크빅,5.49,10.54
1151,웅진에너지,-10.82,-3.84
1152,원림,1.08,17.34
1153,원익,0.57,4.0
1154,원익IPS,16.7,15.5
1155,원익QnC,7.76,13.7
1156,원익머트리얼즈,10.44,19.88
1157,원익큐브,1.59,30.28
1158,원익홀딩스,4.65,9.22
1159,원일특강,1.35,6.99
1160,원풍,6.84,15.7
1161,원풍물산,3.1,-142.13
1162,월덱스,3.51,15.77
1163,웨이브일렉트로,-1.25,2767.97
1164,웰크론,-3.45,88.63
1165,웰크론강원,-11.86,12.34
1166,웰크론한텍,-4.65,11.46
1167,웹스,1.02,147.02
1168,웹젠,13.92,32.26
1169,위노바,-4.22,-1.85
1170,위닉스,-4.6,51.53
1171,위메이드,3.69,-244.53
1172,위즈코프,3.76,26.73
1173,위지트,6.11,20.13
1174,윈스,10.74,21.21
1175,윈팩,-13.78,-10.91
1176,윈하이텍,0.91,31.5
1177,윌비스,0.01,33.65
1178,유나이티드제약,10.83,21.26
1179,유니드,5.33,7.56
1180,유니셈,10.96,12.34
1181,유니슨,-3.49,-21.49
1182,유니온,0.38,44.68
1183,유니온커뮤니티,0.0,19.59
1184,유니켐,4.18,26.96
1185,유니퀘스트,4.12,22.61
1186,유니크,2.45,28.97
1187,유니테스트,33.33,12.48
1188,유니테크노,16.71,23.44
1189,유니트론텍,11.04,10.46
1190,유라테크,3.87,14.29
1191,유바이오로직스,-48.08,-41.6
1192,유비벨록스,3.14,93.91
1193,유비케어,14.62,40.41
1194,유비쿼스,8.12,17.61
1195,유성기업,-1.66,8.28
1196,유성티엔에스,4.32,7.51
1197,유수홀딩스,-8.32,146.57
1198,유신,-0.49,12.15
1199,유아이디,-1.52,-6.08
1200,유아이엘,8.72,5.55
1201,유안타제2호스팩,-0.19,139.68
1202,유안타증권,0.27,21.23
1203,유앤아이,6.12,-21.34
1204,유양디앤유,0.65,-60.3
1205,유엔젤,-5.12,-23.61
1206,유유제약,0.0,13.67
1207,유지인트,-0.87,-12.83
1208,유진기업,6.36,7.89
1209,유진로봇,-1.81,-65.24
1210,유진스팩3호,-0.26,111.76
1211,유진에이씨피씨스팩2호,-0.4,119.95
1212,유진테크,14.3,30.01
1213,유진투자증권,0.81,7.86
1214,유테크,-12.43,-4.74
1215,유한양행,4.96,19.36
1216,유화증권,0.72,21.14
1217,육일씨엔에쓰,-2.71,-11.88
1218,율촌화학,3.32,17.47
1219,이건산업,3.55,28.2
1220,이구산업,2.79,16.07
1221,이그잭스,0.6,-10.3
1222,이-글 벳,0.94,19.25
1223,이글루시큐리티,-3.84,18.18
1224,이노션,6.07,22.29
1225,이노와이어리스,-9.15,-12.46
1226,이녹스,7.4,0.75
1227,이니텍,13.44,27.71
1228,이디,-7.24,-4.85
1229,이라이콤,-0.53,11.23
1230,이랜텍,6.51,16.67
1231,이루온,-13.28,197.5
1232,이마트,5.8,13.01
1233,이매진아시아,-6.8,-7.71
1234,이미지스,0.15,-11.64
1235,이베스트스팩3호,-0.17,127.11
1236,이베스트투자증권,0.62,12.26
1237,이상네트웍스,5.46,13.22
1238,이수앱지스,0.43,-101.98
1239,이수페타시스,2.11,-19.66
1240,이수화학,6.41,-47.57
1241,이스타코,-4.3,-11.26
1242,이스트소프트,-10.9,-52.33
1243,이스트아시아홀딩스,6.53,-5.01
1244,이씨에스,0.0,13.63
1245,이아이디,-8.18,14.57
1246,이에스브이,-10.09,-7.38
1247,이에스에이,-59.07,-6.13
1248,이엔에프테크놀로지,18.32,11.51
1249,이엘케이,-12.45,-2.25
1250,이엠넷,5.32,12.69
1251,이엠코리아,-2.79,-33.51
1252,이엠텍,6.81,32.84
1253,이연제약,5.51,30.67
1254,이오테크닉스,8.62,24.02
1255,이원컴포텍,-12.62,-30.38
1256,이월드,-0.3,33.44
1257,이젠텍,-16.03,-6.77
1258,이지바이오,6.11,15.49
1259,이지웰페어,-2.3,275.88
1260,이크레더블,15.53,16.26
1261,이테크건설,4.98,10.36
1262,이트론,-13.89,-9.13
1263,이퓨쳐,-0.37,-178.48
1264,이화공영,1.49,62.3
1265,이화산업,0.0,-51.27
1266,이화전기,-5.87,43.1
1267,인디에프,-11.4,-8.99
1268,인바디,19.81,34.35
1269,인베니아,19.46,10.08
1270,인선이엔티,5.46,63.79
1271,인성정보,4.89,350.38
1272,인스코비,-5.74,-41.95
1273,인지디스플레,6.36,10.1
1274,인지컨트롤스,3.44,15.61
1275,인천도시가스,-2.68,11.83
1276,인콘,-4.79,113.25
1277,인크로스,0.0,28.71
1278,인탑스,6.68,7.82
1279,인터로조,25.58,26.36
1280,인터불스,-9.08,-6.73
1281,인터엠,-1.0,29.57
1282,인터지스,1.03,9.76
1283,인터파크,4.82,84.39
1284,인터파크홀딩스,2.36,-3.74
1285,인터플렉스,5.97,-145.65
1286,인텍플러스,1.47,-247.49
1287,인텔리안테크,0.0,19.2
1288,인트로메딕,-2.73,-12.39
1289,인트론바이오,-3.53,-282.79
1290,인팩,3.34,79.8
1291,인포마크,0.15,-29.44
1292,인포바인,17.36,8.05
1293,인포뱅크,3.58,33.5
1294,인프라웨어,-44.58,-3.23
1295,인피니트헬스케어,9.59,44.02
1296,인화정공,-0.58,3.62
1297,일경산업개발,-3.12,-1.6
1298,일동제약,0.0,23.09
1299,일동홀딩스,-1.52,-76.91
1300,일성건설,2.52,17.81
1301,일성신약,0.75,85.68
1302,일신바이오,6.54,42.56
1303,일신방직,1.66,15.27
1304,일신석재,-4.94,80.89
1305,일야,8.26,-12.25
1306,일양약품,4.72,205.7
1307,일정실업,2.83,-34.33
1308,일지테크,4.87,4.11
1309,일진다이아,5.22,48.52
1310,일진디스플,-13.15,-9.6
1311,일진머티리얼즈,6.63,32.41
1312,일진전기,-1.97,23.49
1313,일진파워,8.0,6.87
1314,일진홀딩스,-1.55,-17.3
1315,잉크테크,0.37,-6.2
1316,자연과환경,-4.64,-7.96
1317,자이글,0.0,18.55
1318,자화전자,5.3,19.41
1319,장원테크,0.0,-29.64
1320,재영솔루텍,-5.99,-4.67
1321,전방,-1.73,-1.64
1322,전파기지국,1.04,13.81
1323,정다운,3.39,7.77
1324,정산애강,7.76,17.14
1325,정상제이엘에스,9.89,15.31
1326,정원엔시스,5.23,34.27
1327,제낙스,-6.77,-169.97
1328,제너셈,-9.09,-3105.75
1329,제넥신,-14.1,-89.03
1330,제노포커스,6.47,100.54
1331,제닉,5.83,-21.42
1332,제로투세븐,-6.91,-7.13
1333,제룡산업,6.47,7.73
1334,제룡전기,-11.15,76.24
1335,제미니투자,0.0,-10.72
1336,제우스,9.88,6.49
1337,제이브이엠,4.1,27.06
1338,제이스테판,-0.48,-6.9
1339,제이스텍,17.05,3.88
1340,제이씨케미칼,7.72,16.36
1341,제이씨현시스템,8.72,19.08
1342,제이에스코퍼레이션,8.45,15.41
1343,제이에스티나,2.68,5455.44
1344,제이엔케이히터,-4.4,20.68
1345,제이엠아이,6.73,32.36
1346,제이엠티,0.09,15.95
1347,제이웨이,-4.13,-7.86
1348,제이콘텐트리,12.49,81.92
1349,제이티,-10.94,-2.86
1350,제일기획,6.14,19.84
1351,제일바이오,1.56,72.98
1352,제일약품,1.18,1111.28
1353,제일연마,6.37,13.02
1354,제일제강,1.16,32.13
1355,제일테크노스,0.09,9.78
1356,제주반도체,1.87,179.05
1357,제주은행,0.38,5.15
1358,제주항공,28.21,14.29
1359,젬백스,-6.55,98.18
1360,젬백스테크놀러지,-11.34,-17.38
1361,조광ILI,10.42,16.36
1362,조광페인트,6.29,17.49
1363,조광피혁,15.8,11.36
1364,조비,-5.78,42.87
1365,조선내화,4.31,11.73
1366,조선선재,15.38,6.94
1367,조아제약,0.77,272.07
1368,조이맥스,-3.05,-32.87
1369,조이시티,6.6,-16.08
1370,조일알미늄,-1.17,-40.37
1371,조흥,8.49,12.85
1372,종근당,14.31,27.11
1373,종근당바이오,5.78,13.85
1374,종근당홀딩스,4.41,10.7
1375,좋은사람들,-1.45,-18.84
1376,주성엔지니어링,10.65,13.45
1377,주연테크,-0.84,-11.98
1378,중앙백신,12.03,23.35
1379,중앙에너비스,4.93,25.52
1380,중앙오션,3.82,-10.85
1381,지디,-8.29,-1.55
1382,지란지교시큐리티,0.0,-21.01
1383,지스마트글로벌,24.07,31.06
1384,지어소프트,-13.4,-12.06
1385,지에스이,0.02,9.6
1386,지엔씨에너지,14.62,14.51
1387,지엔코,-1.92,-38.71
1388,지엘팜텍,0.0,-37.92
1389,지엠비코리아,2.3,11.35
1390,지엠피,1.85,-7.87
1391,지역난방공사,-3.95,10.11
1392,지코,-7.26,-6.83
1393,지투알,1.21,12.99
1394,지트리비앤티,-6.64,-178.69
1395,진도,5.92,8.21
1396,진로발효,16.93,15.2
1397,진매트릭스,-8.42,-13.04
1398,진바이오텍,8.77,11.84
1399,진성티이씨,7.24,23.32
1400,진양산업,7.81,46.12
1401,진양제약,-1.91,-9.6
1402,진양폴리,1.87,4.4
1403,진양홀딩스,3.04,18.13
1404,진양화학,-0.81,780.0
1405,진원생명과학,-21.04,-7.37
1406,진흥기업,19.01,-6.05
1407,차바이오텍,3.3,-263.72
1408,차이나그레이트,9.54,-6.58
1409,차이나하오란,11.75,2.49
1410,참엔지니어링,2.01,11.29
1411,창해에탄올,1.76,-152.61
1412,천일고속,2.77,4.9
1413,청담러닝,5.13,-6.19
1414,청보산업,-2.23,-128.35
1415,청호컴넷,-12.81,-18.2
1416,체시스,3.9,-10.36
1417,초록뱀,11.49,17.58
1418,칩스앤미디어,13.85,79.19
1419,카스,4.74,-48.16
1420,카카오,2.32,78.88
1421,카프로,0.87,53.94
1422,캐스텍코리아,4.9,11.21
1423,캠시스,0.07,-12.6
1424,컴투스,24.04,13.6
1425,케어젠,3.16,37.28
1426,케이디켐,10.71,8.51
1427,케이맥,12.16,20.54
1428,케이비제10호스팩,0.0,-649.63
1429,케이비제8호스팩,-0.3,162.3
1430,케이비제9호스팩,-0.27,111.48
1431,케이사인,5.58,45.07
1432,케이씨에스,3.57,61.29
1433,케이씨티,2.83,16.71
1434,케이씨피드,1.09,35.92
1435,케이아이엔엑스,16.57,14.31
1436,케이에스피,-16.67,-3.06
1437,케이엔더블유,-1.85,-16.01
1438,케이엘넷,-4.3,29.83
1439,케이엠,3.61,14.22
1440,케이엠더블유,-7.53,-143.3
1441,케이티스,6.86,12.13
1442,케이프,0.85,-6.36
1443,케이피에프,3.13,11.29
1444,케이피엠테크,-11.48,-11.2
1445,케이피티,0.25,5.2
1446,켐트로닉스,2.35,-9.59
1447,코나아이,-3.85,-38.72
1448,코닉글로리,10.18,63.98
1449,코다코,6.44,15.3
1450,코데즈컴바인,4.02,56.08
1451,코디,-13.24,-1.11
1452,코디엠,-16.58,-13.83
1453,코라오홀딩스,1.93,6.97
1454,코렌,-7.13,-2.59
1455,코렌텍,0.34,131.56
1456,코리아나,0.98,96.46
1457,코리아써키트,0.03,22.59
1458,코리아에스이,1.88,8.83
1459,코리아에프티,0.25,15.84
1460,코리아오토글라스,7.16,7.34
1461,코리안리,1.72,7.93
1462,코맥스,9.72,12.04
1463,코메론,14.27,7.05
1464,코미팜,-0.02,23333.05
1465,코센,-2.65,172.55
1466,코스맥스,8.94,54.33
1467,코스맥스비티아이,4.67,47.28
1468,코스메카코리아,0.0,30.24
1469,코스모신소재,2.58,44.57
1470,코스모화학,-3.44,-23.4
1471,코스온,8.19,36.49
1472,코아스,1.23,-9.08
1473,코아스템,5.28,-73.92
1474,코아시아홀딩스,5.13,33.26
1475,코엔텍,10.77,14.32
1476,코오롱,3.74,25.1
1477,코오롱글로벌,2.79,23.97
1478,코오롱머티리얼,-4.96,-7.61
1479,코오롱생명과학,3.35,208.34
1480,코오롱인더,3.83,14.6
1481,코오롱플라스틱,6.81,14.98
1482,코웨이,22.27,21.12
1483,코웰패션,12.86,15.09
1484,코위버,4.38,12.86
1485,코이즈,-1.26,-19.83
1486,코콤,9.23,13.48
1487,코텍,14.17,7.58
1488,코프라,11.18,10.88
1489,콜마비앤에이치,20.87,24.88
1490,콤텍시스템,3.15,5.65
1491,쿠첸,7.12,-36.91
1492,큐렉소,-89.29,-164.47
1493,큐로컴,-6.28,-62.69
1494,큐로홀딩스,-4.66,-6.6
1495,큐리언트,-31.26,-28.01
1496,큐브엔터,-6.9,-11.58
1497,큐에스아이,0.58,25.01
1498,큐캐피탈,-1.25,59.58
1499,크라운제과,7.54,20.79
1500,크로바하이텍,3.75,87.73
1501,크루셜텍,0.69,-5.64
1502,크리스탈,-1.35,-114.39
1503,크리스탈신소재,17.6,5.67
1504,크린앤사이언스,7.97,22.28
1505,클리오,0.0,45.89
1506,키움스팩3호,-0.75,246.69
1507,키움스팩4호,-0.6,101.53
1508,키움증권,2.6,11.52
1509,키위미디어그룹,-10.61,-9.36
1510,키이스트,4.7,-31.37
1511,타이거일렉,5.74,13.21
1512,탑엔지니어링,7.28,5.79
1513,태경산업,3.37,14.13
1514,태경화학,3.36,17.06
1515,태광,0.13,-56.43
1516,태광산업,3.35,12.93
1517,태림포장,3.15,-3.58
1518,태양,10.13,10.43
1519,태양금속,1.57,6.67
1520,태양씨앤엘,-14.19,-2.37
1521,태영건설,3.86,7.94
1522,태웅,2.24,117.61
1523,태원물산,2.93,38.44
1524,태평양물산,-19.11,43.5
1525,테고사이언스,11.25,-175.08
1526,테라세미콘,31.98,6.07
1527,테라셈,-24.13,-5.9
1528,테라젠이텍스,1.31,-300.12
1529,테스,22.23,13.17
1530,테스나,-0.82,15.56
1531,테크윙,8.04,22.03
1532,텍셀네트컴,5.3,13.59
1533,텔레칩스,0.0,18.0
1534,텔레필드,-13.51,-8.66
1535,텔코웨어,5.09,15.01
1536,텔콘,-13.9,-50.64
1537,토니모리,17.05,-5074.52
1538,토비스,9.14,9.53
1539,토탈소프트,16.75,31.12
1540,토필드,-1.75,-2.8
1541,톱텍,6.72,6.4
1542,투비소프트,-3.02,-3833.89
1543,트레이스,-8.31,-5.59
1544,트루윈,-0.75,-1.92
1545,특수건설,-4.47,-6.0
1546,티비씨,-2.49,16.24
1547,티씨케이,25.17,26.44
1548,티에스이,-6.32,16.73
1549,티에스인베스트먼트,20.75,148.07
1550,티에이치엔,3.98,3.82
1551,티엘아이,-2.92,-30.3
1552,티웨이홀딩스,36.19,14.13
1553,티케이케미칼,0.29,9.44
1554,티플랙스,2.13,15.63
1555,티피씨글로벌,2.98,10.61
1556,팀스,1.68,381.35
1557,팅크웨어,3.51,17.44
1558,파나진,-3.65,-192.57
1559,파라다이스,2.0,-1259.92
1560,파라텍,8.23,10.23
1561,파루,3.85,-10.22
1562,파마리서치프로덕트,0.0,44.19
1563,파미셀,0.89,-101.84
1564,파버나인,8.82,19.33
1565,파세코,9.38,24.88
1566,파수닷컴,-6.97,-7.04
1567,파워로직스,1.0,9.84
1568,파이오링크,-3.24,-20.34
1569,파인디앤씨,3.73,-13.29
1570,파인디지털,-4.32,63.58
1571,파인테크닉스,-1.57,35.37
1572,파인텍,-3.08,-5.58
1573,파크시스템스,-16.19,53.18
1574,파트론,2.02,91.47
1575,파티게임즈,-14.96,-10.37
1576,팍스넷,7.69,49.76
1577,판타지오,-6.91,-25.65
1578,팜스웰바이오,-13.4,-76.16
1579,팜스코,6.2,19.42
1580,팜스토리,5.5,14.11
1581,팬스타엔터프라이즈,-5.41,-399.57
1582,팬엔터테인먼트,10.26,-44.86
1583,팬오션,3.64,49.49
1584,팬젠,-19.78,-51.56
1585,퍼스텍,-0.66,38.56
1586,퍼시스,2.24,12.55
1587,퍼시픽바이오,5.89,-18.25
1588,페이퍼코리아,8.97,-1.57
1589,펩트론,-5.61,-144.8
1590,평화산업,-2.13,-41.62
1591,평화정공,4.1,2.45
1592,평화홀딩스,1.58,119.97
1593,포메탈,3.87,21.53
1594,포비스티앤씨,-4.47,37.71
1595,포스링크,-6.14,-22.54
1596,포스코 ICT,7.85,29.31
1597,포스코강판,11.1,8.93
1598,포스코대우,3.54,31.74
1599,포스코엠텍,9.84,65.17
1600,포스코켐텍,13.63,31.43
1601,포시에스,0.35,20.72
1602,포티스,1.28,-5.35
1603,폭스브레인,-9.36,-5.53
1604,푸드웰,-0.42,15.5
1605,푸른기술,-1.4,195.12
1606,푸른저축은행,3.42,5.21
1607,풀무원,1.37,15.0
1608,풀무원,3.34,15.0
1609,풍강,5.76,12.22
1610,풍국주정,6.43,14.22
1611,풍산,8.77,9.03
1612,풍산홀딩스,9.98,6.13
1613,퓨전데이타,0.0,-21.25
1614,퓨쳐스트림네트웍스,0.0,367.69
1615,퓨쳐켐,0.0,-10.3
1616,프럼파스트,12.64,8.48
1617,프로스테믹스,10.68,-424.05
1618,프로텍,10.74,7.62
1619,프리엠스,0.47,29.26
1620,플랜티넷,2.71,22.45
1621,플레이위드,5.37,-32.83
1622,피델릭스,1.62,-4.49
1623,피씨디렉트,2.37,14.67
1624,피앤씨테크,5.91,12.37
1625,피앤이솔루션,4.94,23.29
1626,피에스엠씨,-24.6,-71.14
1627,피에스케이,15.56,13.36
1628,피에스텍,3.94,15.19
1629,피엔티,6.19,28.58
1630,피제이메탈,1.86,12.72
1631,피제이전자,5.83,9.56
1632,픽셀플러스,-5.42,-9.97
1633,필룩스,11.43,14.86
1634,필링크,-7.92,58.45
1635,하나금융7호스팩,-0.87,116.79
1636,하나금융지주,0.75,9.29
1637,하나마이크론,3.95,-8.17
1638,하나투어,8.06,151.31
1639,하림,13.55,15.81
1640,하림홀딩스,9.66,16.28
1641,하이로닉,-2.1,49.53
1642,하이록코리아,9.55,9.9
1643,하이비젼시스템,14.62,14.94
1644,하이셈,-5.66,58.13
1645,하이스틸,2.55,4.36
1646,하이에이아이1호스팩,-0.15,161.49
1647,하이제3호스팩,-0.03,125.23
1648,하이즈항공,-3.79,-884.81
1649,하이텍팜,2.78,19.81
1650,하이트론,-15.39,-4.23
1651,하이트진로,3.27,44.13
1652,하이트진로홀딩스,3.13,-14.83
1653,하츠,5.77,12.62
1654,한국4호스팩,0.0,175.92
1655,한국가구,6.72,8.2
1656,한국가스공사,-1.88,-2.91
1657,한국경제TV,11.06,10.91
1658,한국공항,8.39,8.02
1659,한국금융지주,1.25,10.95
1660,한국기업평가,11.86,16.64
1661,한국내화,6.31,5.47
1662,한국단자,11.49,11.66
1663,한국맥널티,5.04,23.87
1664,한국석유,6.26,5.15
1665,한국선재,2.05,18.81
1666,한국쉘석유,26.27,20.25
1667,한국알콜,7.62,9.85
1668,한국유리,1.59,5.34
1669,한국자산신탁,22.09,6.58
1670,한국전력,10.07,7.82
1671,한국전자금융,7.73,26.04
1672,한국전자인증,10.21,55.27
1673,한국전자홀딩스,-4.82,-7.42
1674,한국정밀기계,-4.78,-0.68
1675,한국정보공학,2.46,-3.1
1676,한국정보인증,11.54,53.62
1677,한국정보통신,18.53,19.1
1678,한국제지,3.85,12.31
1679,한국종합기술,1.05,-50.36
1680,한국주강,-3.39,-5.21
1681,한국주철관,0.0,9.96
1682,한국철강,3.22,8.75
1683,한국카본,4.3,29.84
1684,한국캐피탈,1.39,20.03
1685,한국컴퓨터,5.65,-85.91
1686,한국콜마,15.18,36.4
1687,한국콜마홀딩스,7.73,22.09
1688,한국큐빅,3.06,19.91
1689,한국타이어,12.55,9.48
1690,한국타이어월드와이드,10.76,8.98
1691,한국테크놀로지,-23.87,-12.03
1692,한국토지신탁,15.81,5.24
1693,한국특수형강,-3.95,-5.43
1694,한국팩키지,6.7,33.0
1695,한국프랜지,-1.35,-31.55
1696,한국항공우주,13.01,442.85
1697,한국화장품,19.65,22.06
1698,한국화장품제조,11.65,30.45
1699,한글과컴퓨터,11.86,23.41
1700,한네트,5.29,25.99
1701,한농화성,2.71,7.53
1702,한독,0.93,-173.66
1703,한라,4.1,3.7
1704,한라IMS,2.03,23.74
1705,한라홀딩스,5.02,9.64
1706,한미글로벌,5.28,12.7
1707,한미반도체,11.62,25.16
1708,한미사이언스,3.04,-938.28
1709,한미약품,3.61,545.63
1710,한빛소프트,-5.78,-1032.84
1711,한샘,20.84,33.26
1712,한섬,5.44,14.08
1713,한성기업,2.98,79.49
1714,한세실업,9.54,36.67
1715,한세예스24홀딩스,6.71,24.88
1716,한솔PNS,2.4,37.44
1717,한솔로지스틱스,8.34,7.74
1718,한솔신텍,7.62,-13.0
1719,한솔씨앤피,16.72,19.8
1720,한솔인티큐브,3.04,-117.17
1721,한솔제지,8.59,17.13
1722,한솔케미칼,14.67,14.13
1723,한솔테크닉스,5.5,-8.75
1724,한솔홀딩스,3.79,-15669.67
1725,한솔홈데코,4.31,12.4
1726,한스바이오메드,8.42,47.22
1727,한신공영,4.32,3.85
1728,한신기계,13.11,29.34
1729,한양디지텍,-2.77,-30.82
1730,한양이엔지,8.64,15.49
1731,한양증권,0.59,31.61
1732,한온시스템,11.69,23.52
1733,한올바이오파마,-3.48,878.0
1734,한익스프레스,10.14,9.54
1735,한일네트웍스,7.58,12.38
1736,한일단조,2.9,19.07
1737,한일사료,6.09,-27.11
1738,한일시멘트,5.32,11.39
1739,한일진공,-1.6,8.24
1740,한일철강,0.89,11.69
1741,한일화학,-0.36,7.95
1742,한전KPS,11.29,17.04
1743,한전기술,-0.74,-175.72
1744,한전산업,21.53,11.91
1745,한진,-4.75,-7.16
1746,한진중공업,-0.21,-0.89
1747,한진중공업홀딩스,-3.53,-0.36
1748,한진칼,8.96,-6.53
1749,한창,4.36,-55.32
1750,한창산업,7.45,15.79
1751,한창제지,10.94,3.24
1752,한컴시큐어,0.37,-48.79
1753,한컴지엠디,0.82,45.34
1754,한탑,1.37,-23.79
1755,한프,-8.47,-12.24
1756,한화,1.73,6.38
1757,한화갤러리아타임월드,-6.13,-15.97
1758,한화생명,0.99,10.75
1759,한화손해보험,1.37,6.82
1760,한화에이스스팩2호,-0.11,148.33
1761,한화케미칼,5.99,6.13
1762,한화테크윈,3.57,18.31
1763,한화투자증권,0.38,35.19
1764,해덕파워웨이,2.79,-82.94
1765,해마로푸드서비스,0.0,16.17
1766,해성디에스,5.46,13.18
1767,해성산업,2.44,46.82
1768,해성옵틱스,-2.55,-17.63
1769,해태제과식품,7.83,23.96
1770,핸디소프트,0.0,-37.09
1771,핸디소프트,0.0,-37.09
1772,핸즈코퍼레이션,0.0,7.49
1773,헝셩그룹,0.0,5.59
1774,현대EP,11.82,6.03
1775,현대건설,5.67,9.79
1776,현대공업,5.96,5.62
1777,현대그린푸드,3.84,14.59
1778,현대글로비스,9.37,10.78
1779,현대로템,0.68,45.58
1780,현대리바트,9.79,14.92
1781,현대리바트,0.0,14.92
1782,현대모비스,7.36,9.9
1783,현대미포조선,1.56,11.98
1784,현대백화점,5.1,8.43
1785,현대비앤지스틸,1.5,8.59
1786,현대산업,9.97,8.36
1787,현대상사,1.19,10.42
1788,현대상선,-20.58,-0.85
1789,현대시멘트,7.85,1.84
1790,현대아이비티,-11.76,-30.94
1791,현대약품,2.25,135.93
1792,현대에이치씨엔,8.63,10.87
1793,현대엘리베이,10.72,6.14
1794,현대위아,3.74,21.51
1795,현대정보기술,0.31,513.86
1796,현대제철,4.48,10.29
1797,현대중공업,2.6,2.93
1798,현대차,2.54,8.4
1799,현대통신,17.29,7.14
1800,현대해상,1.97,8.84
1801,현대홈쇼핑,3.93,10.05
1802,현성바이탈,0.0,26.96
1803,현우산업,4.25,14.35
1804,현진소재,2.04,-52.76
1805,형지I&C,-5.1,-11.79
1806,형지엘리트,-0.62,-10.87
1807,혜인,1.9,-21.42
1808,호전실업,0.0,11.43
1809,호텔신라,4.69,191.77
1810,홈센타홀딩스,-1.5,10.82
1811,홈캐스트,6.44,-218.24
1812,화성산업,11.43,4.35
1813,화승알앤에이,5.79,13.29
1814,화승엔터프라이즈,8.88,16.57
1815,화승인더,10.43,12.01
1816,화신,2.9,84.91
1817,화신정공,0.5,14.8
1818,화신테크,-12.8,-6.21
1819,화인베스틸,-0.4,35.31
1820,화일약품,2.95,348.73
1821,화진,3.71,18.64
1822,화천기계,-3.18,53.01
1823,화천기공,-0.48,10.94
1824,환인제약,10.82,20.59
1825,황금에스티,6.02,7.21
1826,효성,7.15,9.98
1827,효성ITX,9.09,21.93
1828,효성오앤비,20.3,13.66
1829,후성,15.73,14.98
1830,휘닉스소재,0.57,-19.1
1831,휠라코리아,2.62,2.6
1832,휴니드,0.55,12.7
1833,휴맥스,0.64,-80.19
1834,휴맥스홀딩스,0.48,-8.67
1835,휴메딕스,8.41,38.05
1836,휴비스,1.31,28.53
1837,휴비츠,7.14,18.32
1838,휴스틸,-0.07,6.44
1839,휴온스,0.0,24.17
1840,휴온스글로벌,9.64,34.31
1841,휴젤,25.94,36.8
1842,휴켐스,10.66,9.78
1843,흥구석유,2.5,22.15
1844,흥국,7.51,8.61
1845,흥국에프엔비,12.91,23.2
1846,흥국화재,1.0,5.93
1847,흥아해운,-1.67,-4.87
1848,희림,5.62,20.66
